Last Update,2023-04-28 15:29:22.873291+00:00 (UTC),
Token ID,Effect Ends At,Cooldown Until
11276,2023-04-28T15:32:37.867Z,2023-05-28T15:32:37.867Z
4951,2023-04-28T15:37:38.619Z,2023-05-28T15:37:38.619Z
2347,2023-04-28T15:54:55.034Z,2023-05-28T15:54:55.034Z
8935,2023-04-28T15:57:38.168Z,2023-05-28T15:57:38.168Z
10331,2023-04-28T16:39:29.106Z,2023-05-28T16:39:29.106Z
11536,2023-04-28T16:40:30.967Z,2023-05-28T16:40:30.967Z
3329,2023-04-28T17:58:26.486Z,2023-05-28T17:58:26.486Z
4186,2023-04-28T17:59:40.486Z,2023-05-28T17:59:40.485Z
6454,2023-04-28T18:01:13.751Z,2023-05-28T18:01:13.750Z
10778,2023-04-28T18:19:48.240Z,2023-05-28T18:19:48.240Z
3812,2023-04-28T22:45:23.375Z,2023-05-28T22:45:23.375Z
1835,2023-04-29T00:56:54.870Z,2023-05-29T00:56:54.870Z
5960,2023-04-29T01:24:15.429Z,2023-05-29T01:24:15.428Z
10675,2023-04-29T01:28:56.489Z,2023-05-29T01:28:56.488Z
3107,2023-04-29T04:35:47.035Z,2023-05-29T04:35:47.035Z
3445,2023-04-29T04:36:10.277Z,2023-05-29T04:36:10.277Z
7359,2023-04-29T05:53:05.119Z,2023-05-29T05:53:05.119Z
3498,2023-04-29T06:48:36.702Z,2023-05-29T06:48:36.702Z
8016,2023-04-29T08:21:53.114Z,2023-05-29T08:21:53.113Z
3391,2023-04-29T08:32:05.916Z,2023-05-29T08:32:05.916Z
9966,2023-04-29T09:24:32.965Z,2023-05-29T09:24:32.964Z
4953,2023-04-29T09:42:31.168Z,2023-05-29T09:42:31.168Z
8359,2023-04-29T10:00:02.291Z,2023-05-29T10:00:02.291Z
1332,2023-04-29T12:50:54.335Z,2023-05-29T12:50:54.335Z
3379,2023-04-29T13:21:42.607Z,2023-05-29T13:21:42.607Z
3380,2023-04-29T13:25:18.250Z,2023-05-29T13:25:18.250Z
4257,2023-04-29T13:57:40.790Z,2023-05-29T13:57:40.790Z
4621,2023-04-29T14:49:31.533Z,2023-05-29T14:49:31.533Z
4016,2023-04-29T15:07:57.351Z,2023-05-29T15:07:57.351Z
8517,2023-04-29T15:52:47.265Z,2023-05-29T15:52:47.265Z
4199,2023-04-29T16:19:35.457Z,2023-05-29T16:19:35.456Z
5858,2023-04-29T16:20:00.064Z,2023-05-29T16:20:00.063Z
9532,2023-04-29T17:55:22.217Z,2023-05-29T17:55:22.217Z
790,2023-04-29T21:16:16.804Z,2023-05-29T21:16:16.803Z
6942,2023-04-29T22:00:49.160Z,2023-05-29T22:00:49.160Z
201,2023-04-29T22:02:02.414Z,2023-05-29T22:02:02.413Z
8058,2023-04-29T22:02:42.886Z,2023-05-29T22:02:42.886Z
1249,2023-04-29T22:12:58.793Z,2023-05-29T22:12:58.793Z
3088,2023-04-29T23:03:33.196Z,2023-05-29T23:03:33.195Z
195,2023-04-29T23:29:52.914Z,2023-05-29T23:29:52.913Z
4958,2023-04-29T23:43:10.582Z,2023-05-29T23:43:10.582Z
10261,2023-04-30T00:06:25.454Z,2023-05-30T00:06:25.453Z
8519,2023-04-30T00:07:16.228Z,2023-05-30T00:07:16.228Z
8715,2023-04-30T00:13:49.292Z,2023-05-30T00:13:49.291Z
3951,2023-04-30T00:31:39.800Z,2023-05-30T00:31:39.799Z
2224,2023-04-30T01:09:38.649Z,2023-05-30T01:09:38.649Z
5701,2023-04-30T01:52:43.388Z,2023-05-30T01:52:43.388Z
10698,2023-04-30T04:14:17.077Z,2023-05-30T04:14:17.077Z
8649,2023-04-30T14:37:39.342Z,2023-05-30T14:37:39.341Z
3032,2023-04-30T15:20:49.465Z,2023-05-30T15:20:49.465Z
8806,2023-04-30T19:00:14.671Z,2023-05-30T19:00:14.670Z
9166,2023-04-30T19:42:27.858Z,2023-05-30T19:42:27.858Z
8922,2023-04-30T19:45:20.631Z,2023-05-30T19:45:20.631Z
6057,2023-04-30T19:57:40.399Z,2023-05-30T19:57:40.399Z
10980,2023-05-01T00:51:41.119Z,2023-05-31T00:51:41.118Z
5379,2023-05-01T01:03:31.178Z,2023-05-31T01:03:31.178Z
2010,2023-05-01T01:22:24.553Z,2023-05-31T01:22:24.553Z
10409,2023-05-01T01:23:36.673Z,2023-05-31T01:23:36.672Z
10586,2023-05-01T02:15:28.257Z,2023-05-31T02:15:28.257Z
11595,2023-05-01T03:42:18.556Z,2023-05-31T03:42:18.556Z
5550,2023-05-01T03:50:50.355Z,2023-05-31T03:50:50.355Z
1324,2023-05-01T10:30:17.393Z,2023-05-31T10:30:17.393Z
1301,2023-05-01T11:36:14.523Z,2023-05-31T11:36:14.523Z
8258,2023-05-01T11:36:50.400Z,2023-05-31T11:36:50.399Z
11031,2023-05-01T11:39:18.354Z,2023-05-31T11:39:18.354Z
188,2023-05-01T12:02:55.669Z,2023-05-31T12:02:55.669Z
7745,2023-05-01T14:28:49.063Z,2023-05-31T14:28:49.063Z
2607,2023-05-01T14:56:31.720Z,2023-05-31T14:56:31.720Z
626,2023-05-01T16:42:39.673Z,2023-05-31T16:42:39.673Z
10584,2023-05-01T17:09:51.227Z,2023-05-31T17:09:51.227Z
5430,2023-05-01T17:10:21.402Z,2023-05-31T17:10:21.401Z
9848,2023-05-01T18:12:51.730Z,2023-05-31T18:12:51.730Z
8331,2023-05-01T19:29:33.328Z,2023-05-31T19:29:33.328Z
208,2023-05-01T20:24:37.953Z,2023-05-31T20:24:37.953Z
4655,2023-05-01T20:27:12.656Z,2023-05-31T20:27:12.655Z
4837,2023-05-01T20:30:28.414Z,2023-05-31T20:30:28.413Z
7213,2023-05-01T20:32:39.739Z,2023-05-31T20:32:39.739Z
7966,2023-05-01T21:14:00.896Z,2023-05-31T21:14:00.896Z
4172,2023-05-01T22:29:14.340Z,2023-05-31T22:29:14.340Z
1432,2023-05-01T22:41:33.961Z,2023-05-31T22:41:33.960Z
305,2023-05-02T00:25:53.025Z,2023-06-01T00:25:53.025Z
4402,2023-05-02T00:30:40.684Z,2023-06-01T00:30:40.684Z
11216,2023-05-02T00:50:29.938Z,2023-06-01T00:50:29.938Z
8209,2023-05-02T00:59:54.587Z,2023-06-01T00:59:54.586Z
4483,2023-05-02T02:02:25.418Z,2023-06-01T02:02:25.418Z
665,2023-05-02T03:53:09.807Z,2023-06-01T03:53:09.806Z
8194,2023-05-02T05:19:32.017Z,2023-06-01T05:19:32.017Z
6061,2023-05-02T07:35:56.665Z,2023-06-01T07:35:56.664Z
372,2023-05-02T08:16:45.763Z,2023-06-01T08:16:45.762Z
10225,2023-05-02T08:18:38.270Z,2023-06-01T08:18:38.270Z
2060,2023-05-02T08:19:20.591Z,2023-06-01T08:19:20.591Z
1776,2023-05-02T11:06:51.159Z,2023-06-01T11:06:51.159Z
4268,2023-05-02T12:16:29.226Z,2023-06-01T12:16:29.226Z
6023,2023-05-02T12:19:40.557Z,2023-06-01T12:19:40.557Z
5756,2023-05-02T13:44:06.740Z,2023-06-01T13:44:06.740Z
1519,2023-05-02T14:58:17.606Z,2023-06-01T14:58:17.606Z
10869,2023-05-02T16:21:48.540Z,2023-06-01T16:21:48.539Z
5362,2023-05-02T16:25:37.671Z,2023-06-01T16:25:37.670Z
6147,2023-05-02T18:29:15.570Z,2023-06-01T18:29:15.569Z
73,2023-05-02T19:03:27.397Z,2023-06-01T19:03:27.396Z
252,2023-05-02T19:03:28.513Z,2023-06-01T19:03:28.513Z
3683,2023-05-02T19:03:29.289Z,2023-06-01T19:03:29.288Z
4755,2023-05-02T19:03:30.158Z,2023-06-01T19:03:30.158Z
9045,2023-05-02T19:03:31.211Z,2023-06-01T19:03:31.211Z
8918,2023-05-02T19:03:32.158Z,2023-06-01T19:03:32.158Z
7332,2023-05-02T19:03:33.251Z,2023-06-01T19:03:33.251Z
4458,2023-05-02T19:03:34.449Z,2023-06-01T19:03:34.449Z
1395,2023-05-02T19:03:36.134Z,2023-06-01T19:03:36.134Z
5367,2023-05-02T19:03:37.174Z,2023-06-01T19:03:37.173Z
3368,2023-05-02T19:03:38.333Z,2023-06-01T19:03:38.332Z
11382,2023-05-02T19:03:39.263Z,2023-06-01T19:03:39.263Z
7228,2023-05-02T19:03:40.230Z,2023-06-01T19:03:40.230Z
796,2023-05-02T19:03:41.163Z,2023-06-01T19:03:41.163Z
10254,2023-05-02T19:03:42.179Z,2023-06-01T19:03:42.179Z
5793,2023-05-02T19:17:41.215Z,2023-06-01T19:17:41.215Z
15,2023-05-02T19:58:34.014Z,2023-06-01T19:58:34.014Z
5494,2023-05-02T20:55:51.383Z,2023-06-01T20:55:51.382Z
1733,2023-05-02T21:11:28.601Z,2023-06-01T21:11:28.601Z
6743,2023-05-03T00:16:24.637Z,2023-06-02T00:16:24.637Z
5713,2023-05-03T01:03:32.285Z,2023-06-02T01:03:32.285Z
6688,2023-05-03T01:08:07.116Z,2023-06-02T01:08:07.116Z
11448,2023-05-03T04:11:58.411Z,2023-06-02T04:11:58.411Z
8314,2023-05-03T04:12:44.443Z,2023-06-02T04:12:44.443Z
9108,2023-05-03T04:24:56.740Z,2023-06-02T04:24:56.740Z
5127,2023-05-03T07:54:46.122Z,2023-06-02T07:54:46.122Z
1392,2023-05-03T08:20:33.529Z,2023-06-02T08:20:33.529Z
78,2023-05-03T08:39:20.428Z,2023-06-02T08:39:20.428Z
11336,2023-05-03T09:04:03.546Z,2023-06-02T09:04:03.545Z
11337,2023-05-03T09:05:46.767Z,2023-06-02T09:05:46.767Z
2480,2023-05-03T12:07:56.770Z,2023-06-02T12:07:56.769Z
8631,2023-05-03T12:09:11.580Z,2023-06-02T12:09:11.580Z
3113,2023-05-03T12:10:24.521Z,2023-06-02T12:10:24.521Z
4359,2023-05-03T12:56:52.484Z,2023-06-02T12:56:52.484Z
2552,2023-05-03T14:50:00.695Z,2023-06-02T14:50:00.695Z
8592,2023-05-03T14:51:19.909Z,2023-06-02T14:51:19.909Z
8945,2023-05-03T15:06:23.387Z,2023-06-02T15:06:23.386Z
6212,2023-05-03T15:31:17.805Z,2023-06-02T15:31:17.805Z
4168,2023-05-03T15:36:58.835Z,2023-06-02T15:36:58.835Z
6474,2023-05-03T17:06:25.156Z,2023-06-02T17:06:25.156Z
5284,2023-05-03T17:06:59.948Z,2023-06-02T17:06:59.948Z
1399,2023-05-03T17:09:54.536Z,2023-06-02T17:09:54.535Z
1454,2023-05-03T17:10:32.903Z,2023-06-02T17:10:32.903Z
10396,2023-05-03T17:11:11.983Z,2023-06-02T17:11:11.982Z
5843,2023-05-03T17:12:15.435Z,2023-06-02T17:12:15.435Z
9836,2023-05-03T17:15:39.317Z,2023-06-02T17:15:39.317Z
4238,2023-05-03T17:27:14.018Z,2023-06-02T17:27:14.018Z
2661,2023-05-03T17:27:59.898Z,2023-06-02T17:27:59.898Z
11392,2023-05-03T17:28:45.380Z,2023-06-02T17:28:45.379Z
11390,2023-05-03T18:22:10.207Z,2023-06-02T18:22:10.206Z
424,2023-05-03T20:27:27.804Z,2023-06-02T20:27:27.804Z
564,2023-05-03T21:16:39.232Z,2023-06-02T21:16:39.232Z
3372,2023-05-03T23:38:19.728Z,2023-06-02T23:38:19.728Z
9569,2023-05-03T23:38:36.067Z,2023-06-02T23:38:36.067Z
483,2023-05-03T23:40:56.765Z,2023-06-02T23:40:56.765Z
1525,2023-05-04T01:05:10.851Z,2023-06-03T01:05:10.851Z
10856,2023-05-04T01:33:44.611Z,2023-06-03T01:33:44.611Z
9291,2023-05-04T02:20:20.273Z,2023-06-03T02:20:20.273Z
4477,2023-05-04T02:20:22.046Z,2023-06-03T02:20:22.045Z
5859,2023-05-04T02:20:24.071Z,2023-06-03T02:20:24.071Z
8695,2023-05-04T02:20:25.181Z,2023-06-03T02:20:25.181Z
6480,2023-05-04T02:20:26.161Z,2023-06-03T02:20:26.160Z
10934,2023-05-04T02:20:27.841Z,2023-06-03T02:20:27.841Z
3545,2023-05-04T02:20:28.807Z,2023-06-03T02:20:28.807Z
9178,2023-05-04T02:20:29.850Z,2023-06-03T02:20:29.849Z
4141,2023-05-04T02:20:29.877Z,2023-06-03T02:20:29.877Z
6936,2023-05-04T02:20:31.029Z,2023-06-03T02:20:31.029Z
8523,2023-05-04T02:20:32.218Z,2023-06-03T02:20:32.218Z
2582,2023-05-04T02:20:33.825Z,2023-06-03T02:20:33.825Z
8207,2023-05-04T02:20:35.260Z,2023-06-03T02:20:35.260Z
3046,2023-05-04T04:58:46.204Z,2023-06-03T04:58:46.204Z
1948,2023-05-04T08:29:41.303Z,2023-06-03T08:29:41.303Z
7672,2023-05-04T08:42:59.733Z,2023-06-03T08:42:59.733Z
4080,2023-05-04T14:15:43.118Z,2023-06-03T14:15:43.118Z
9539,2023-05-04T15:28:11.211Z,2023-06-03T15:28:11.210Z
11723,2023-05-04T21:16:22.820Z,2023-06-03T21:16:22.820Z
8293,2023-05-05T01:03:33.243Z,2023-06-04T01:03:33.243Z
3040,2023-05-05T01:03:34.134Z,2023-06-04T01:03:34.134Z
2689,2023-05-05T01:22:06.380Z,2023-06-04T01:22:06.380Z
1052,2023-05-05T01:31:00.853Z,2023-06-04T01:31:00.853Z
4561,2023-05-05T01:40:07.979Z,2023-06-04T01:40:07.979Z
2252,2023-05-05T01:40:18.677Z,2023-06-04T01:40:18.677Z
7648,2023-05-05T02:14:09.002Z,2023-06-04T02:14:09.001Z
577,2023-05-05T02:59:10.697Z,2023-06-04T02:59:10.696Z
2427,2023-05-05T03:56:46.833Z,2023-06-04T03:56:46.833Z
6369,2023-05-05T05:06:12.702Z,2023-06-04T05:06:12.701Z
7450,2023-05-05T06:00:49.520Z,2023-06-04T06:00:49.519Z
3031,2023-05-05T07:58:43.448Z,2023-06-04T07:58:43.448Z
4456,2023-05-05T08:54:58.981Z,2023-06-04T08:54:58.980Z
10583,2023-05-05T10:18:19.981Z,2023-06-04T10:18:19.980Z
9261,2023-05-05T14:19:53.618Z,2023-06-04T14:19:53.617Z
9560,2023-05-05T15:14:24.578Z,2023-06-04T15:14:24.578Z
5551,2023-05-05T15:15:36.764Z,2023-06-04T15:15:36.764Z
11426,2023-05-05T15:47:31.855Z,2023-06-04T15:47:31.855Z
1483,2023-05-05T16:18:26.289Z,2023-06-04T16:18:26.289Z
4986,2023-05-05T16:18:52.216Z,2023-06-04T16:18:52.216Z
5189,2023-05-05T16:19:53.582Z,2023-06-04T16:19:53.581Z
558,2023-05-05T16:28:59.820Z,2023-06-04T16:28:59.820Z
8819,2023-05-05T16:51:56.006Z,2023-06-04T16:51:56.005Z
1035,2023-05-05T20:28:51.429Z,2023-06-04T20:28:51.429Z
2145,2023-05-05T23:52:56.488Z,2023-06-04T23:52:56.488Z
2460,2023-05-06T01:04:20.021Z,2023-06-05T01:04:20.020Z
3572,2023-05-06T01:04:23.194Z,2023-06-05T01:04:23.194Z
2846,2023-05-06T04:27:11.034Z,2023-06-05T04:27:11.034Z
6162,2023-05-06T07:50:21.069Z,2023-06-05T07:50:21.068Z
4149,2023-05-06T08:11:17.505Z,2023-06-05T08:11:17.505Z
10640,2023-05-06T10:05:16.949Z,2023-06-05T10:05:16.949Z
2144,2023-05-06T10:57:08.319Z,2023-06-05T10:57:08.318Z
2422,2023-05-06T13:44:55.543Z,2023-06-05T13:44:55.543Z
5257,2023-05-06T14:18:37.726Z,2023-06-05T14:18:37.726Z
10976,2023-05-06T18:04:03.293Z,2023-06-05T18:04:03.293Z
261,2023-05-06T20:48:42.953Z,2023-06-05T20:48:42.953Z
10887,2023-05-07T08:01:20.114Z,2023-06-06T08:01:20.114Z
10492,2023-05-07T14:50:30.082Z,2023-06-06T14:50:30.082Z
5948,2023-05-07T16:30:30.295Z,2023-06-06T16:30:30.295Z
5949,2023-05-07T16:31:25.277Z,2023-06-06T16:31:25.277Z
5347,2023-05-07T18:13:16.558Z,2023-06-06T18:13:16.558Z
8548,2023-05-07T19:43:28.587Z,2023-06-06T19:43:28.587Z
1187,2023-05-08T04:22:27.262Z,2023-06-07T04:22:27.262Z
10173,2023-05-08T08:39:39.403Z,2023-06-07T08:39:39.403Z
3316,2023-05-08T14:12:32.981Z,2023-06-07T14:12:32.981Z
3223,2023-05-08T14:15:36.082Z,2023-06-07T14:15:36.081Z
4677,2023-05-08T15:24:28.357Z,2023-06-07T15:24:28.357Z
760,2023-05-08T17:55:30.984Z,2023-06-07T17:55:30.984Z
2533,2023-05-08T18:50:52.779Z,2023-06-07T18:50:52.779Z
3294,2023-05-08T18:55:01.385Z,2023-06-07T18:55:01.385Z
8296,2023-05-08T20:35:43.351Z,2023-06-07T20:35:43.351Z
8305,2023-05-08T23:22:03.650Z,2023-06-07T23:22:03.649Z
3108,2023-05-09T10:01:44.585Z,2023-06-08T10:01:44.585Z
6608,2023-05-09T10:02:07.642Z,2023-06-08T10:02:07.642Z
10097,2023-05-09T13:47:59.196Z,2023-06-08T13:47:59.196Z
2032,2023-05-09T17:30:51.673Z,2023-06-08T17:30:51.673Z
5315,2023-05-09T19:56:30.996Z,2023-06-08T19:56:30.996Z
692,2023-05-10T00:45:00.038Z,2023-06-09T00:45:00.038Z
1613,2023-05-10T00:50:15.983Z,2023-06-09T00:50:15.982Z
10797,2023-05-10T00:55:15.661Z,2023-06-09T00:55:15.661Z
3837,2023-05-10T11:24:25.155Z,2023-06-09T11:24:25.155Z
50,2023-05-10T16:28:03.275Z,2023-06-09T16:28:03.274Z
2953,2023-05-12T00:02:43.628Z,2023-06-11T00:02:43.627Z
6755,2023-05-13T08:26:25.142Z,2023-06-12T08:26:25.142Z
727,2023-05-13T12:22:15.804Z,2023-06-12T12:22:15.804Z
11111,2023-05-15T10:40:55.205Z,2023-06-14T10:40:55.205Z
